CREATE TABLE TACPHAM (
    NT SMALLINT PRIMARY KEY,
    tua VARCHAR(150),
    tacgia VARCHAR(100)
);

CREATE TABLE DOCGIA (
    ND SMALLINT PRIMARY KEY,
    ho VARCHAR(30),
    ten VARCHAR(30),
    dchi VARCHAR(100),
    tel CHAR(10)
);

CREATE TABLE SACH (
    NS SMALLINT PRIMARY KEY,
    nxb VARCHAR(50),
    NT SMALLINT NOT NULL,
    FOREIGN KEY (NT) REFERENCES TACPHAM(NT)
);

CREATE TABLE MUON (
    NS SMALLINT NOT NULL,
    FOREIGN KEY (NS) REFERENCES SACH(NS),
    ngaymuon DATE NOT NULL,
    hantra DATE NOT NULL,
    ngaytra DATE,
    ND SMALLINT NOT NULL,
    FOREIGN KEY (ND) REFERENCES DOCGIA(ND),
    PRIMARY KEY (NS, ngaymuon)
);

TACPHAM VALUES (11,'La Mare au Diable','George Sand');
INSERT INTO TACPHAM VALUES (12,'Carmen','Prosper Merimee');
INSERT INTO TACPHAM VALUES (13,'Lettres de mon moulin','Alphonse Daudet');
INSERT INTO TACPHAM VALUES (14,'Les contes du chat perché','Marcel Ayme');
INSERT INTO TACPHAM VALUES (15,'La Peste','Albert Camus');
INSERT INTO TACPHAM VALUES (16,'Le petit prince','Antoine de St Exupery');

INSERT INTO DOCGIA VALUES (1,'Lecoeur','Jeanette','16 rue de la République, 75010 Paris','0145279274');
INSERT INTO DOCGIA VALUES (2,'Lecoeur','Philippe','16 rue de la République, 75010 Paris','0145279274');
INSERT INTO DOCGIA VALUES (3,'Dupont','Yvan','73 rue Lamarck, 75018 Paris','0163538294');
INSERT INTO DOCGIA VALUES (4,'Mercier','Claude','155 avenue Parmentier, 75011 Paris','0136482736');
INSERT INTO DOCGIA VALUES (5,'Léger','Marc','90 avenue du Maine, 75014 Paris','0164832947');
INSERT INTO DOCGIA VALUES (6,'Martin','Laure','51 boulevard Diderot, 75012 Paris','0174693277');
INSERT INTO DOCGIA VALUES (7,'Crozier','Martine','88 rue des Portes Blanches, 75018 Paris','0146829384');
INSERT INTO DOCGIA VALUES (8,'Lebon','Clément','196 boulevard de Sebastopol, 75001 Paris','0132884739');
INSERT INTO DOCGIA VALUES (9,'Dufour','Jacques','32 rue des Alouettes, 75003 Paris','0155382940');
INSERT INTO DOCGIA VALUES (10,'Dufour','Antoine','32 rue des Alouettes, 75003 Paris','0155382940');
INSERT INTO DOCGIA VALUES (11,'Dufour','Stéphanie','32 rue des Alouettes, 75003 Paris','0155382940');
INSERT INTO DOCGIA VALUES (12,'Raymond','Carole','35 rue Oberkampf, 75011 Paris','0153829402');
INSERT INTO DOCGIA VALUES (13,'Durand','Albert','4 rue Mandar, 75002 Paris','0642374021');
INSERT INTO DOCGIA VALUES (14,'Wilson','Paul','12 rue Paul Vaillant Couturier, 92400 Montrouge','0642327407');
INSERT INTO DOCGIA VALUES (15,'Grecault','Philippe','15 rue de la Roquette, 75012 Paris','0132762983');
INSERT INTO DOCGIA VALUES (16,'Carre','Stéphane','51 boulevard Diderot, 75012 Paris','0174693277');
INSERT INTO DOCGIA VALUES (17,'Johnson','Astrid','3 rue Léon Blum, 75002 Paris','0143762947');
INSERT INTO DOCGIA VALUES (18,'Mirou','Caroline','2 square Mirabeau, 75011 Paris','0163827399');
INSERT INTO DOCGIA VALUES (19,'Espelette','Jean-Jacques','141 avenue de France, 75019 Paris','0134887264');
INSERT INTO DOCGIA VALUES (20,'Despentes','Anthony','56 boulevard de la Villette, 75019 Paris','0133889463');
INSERT INTO DOCGIA VALUES (21,'Terlu','Véronique','45 rue des Batignolles, 75020 Paris','0165998372');
INSERT INTO DOCGIA VALUES (22,'Rihour','Cécile','7 rue Montorgueil, 75002 Paris','0166894754');
INSERT INTO DOCGIA VALUES (23,'Franchet','Pierre','160 rue Montmartre, 75009 Paris','0633628549');
INSERT INTO DOCGIA VALUES (24,'Trochet','Ernest','34 rue de l''Esperance, 75008 Paris','0638295563');
INSERT INTO DOCGIA VALUES (25,'Gainard','Simon','55 rue Desnouettes, 75015 Paris','0174928934');
INSERT INTO DOCGIA VALUES (26,'Touche','Johanna','14 rue du Bac, 75006 Paris','0619384065');
INSERT INTO DOCGIA VALUES (27,'Cornu','Sylvain','22 rue Mouffetard, 75005 Paris','0184927489');
INSERT INTO DOCGIA VALUES (28,'Frederic','Cyril','15 rue du Simplon, 75018 Paris','0173625492');
INSERT INTO DOCGIA VALUES (29,'Crestard','Cedric','5 rue Doudeauville, 75018 Paris','0629485700');
INSERT INTO DOCGIA VALUES (30,'Le Bihan','Karine','170 bis rue Ordener, 75018 Paris','0638995221');

INSERT INTO SACH VALUES (1,'GF',1);
INSERT INTO SACH VALUES (2,'FOLIO',2);
INSERT INTO SACH VALUES (3,'HACHETTE',3);
INSERT INTO SACH VALUES (4,'GF',4);
INSERT INTO SACH VALUES (5,'FOLIO',5);
INSERT INTO SACH VALUES (6,'FOLIO',6);
INSERT INTO SACH VALUES (7,'GF',7);
INSERT INTO SACH VALUES (8,'FOLIO',8);
INSERT INTO SACH VALUES (9,'HACHETTE',9);
INSERT INTO SACH VALUES (10,'GF',10);
INSERT INTO SACH VALUES (11,'HACHETTE',11);
INSERT INTO SACH VALUES (12,'FOLIO',12);
INSERT INTO SACH VALUES (13,'GF',13);
INSERT INTO SACH VALUES (14,'FOLIO',14);
INSERT INTO SACH VALUES (15,'HACHETTE',15);
INSERT INTO SACH VALUES (16,'HACHETTE',16);
INSERT INTO SACH VALUES (17,'GF',1);
INSERT INTO SACH VALUES (18,'FOLIO',2);
INSERT INTO SACH VALUES (19,'HACHETTE',2);
INSERT INTO SACH VALUES (20,'FOLIO',4);
INSERT INTO SACH VALUES (21,'GF',5);
INSERT INTO SACH VALUES (22,'HACHETTE',4);
INSERT INTO SACH VALUES (23,'HACHETTE',7);
INSERT INTO SACH VALUES (24,'FOLIO',8);
INSERT INTO SACH VALUES (25,'GF',1);
INSERT INTO SACH VALUES (26,'HACHETTE',10);
INSERT INTO SACH VALUES (27,'FOLIO',11);
INSERT INTO SACH VALUES (28,'FOLIO',12);
INSERT INTO SACH VALUES (29,'GF',1);
INSERT INTO SACH VALUES (30,'HACHETTE',14);

INSERT INTO MUON VALUES (1,'2007-09-02','2007-09-16','2007-09-07',1);
INSERT INTO MUON VALUES (1,'2006-10-01','2006-10-15','2006-10-11',26);
INSERT INTO MUON VALUES (1,'2007-06-14','2007-06-28','2007-06-19',2);
INSERT INTO MUON VALUES (1,'2007-04-27','2007-05-11','2007-05-08',3);
INSERT INTO MUON VALUES (2,'2007-08-23','2007-09-06','2007-09-02',4);
INSERT INTO MUON VALUES (2,'2007-10-06','2007-10-20',NULL,28);
INSERT INTO MUON VALUES (9,'2007-10-06','2007-10-20',NULL,28);
INSERT INTO MUON VALUES (3,'2007-09-09','2007-09-23','2007-09-13',3);
INSERT INTO MUON VALUES (4,'2007-02-08','2007-02-22','2007-02-12',12);
INSERT INTO MUON VALUES (4,'2006-02-07','2006-02-21','2006-02-20',4);
INSERT INTO MUON VALUES (4,'2007-06-17','2007-07-01','2007-06-27',5);
INSERT INTO MUON VALUES (5,'2007-10-04', '2007-10-19', NULL, 16);
INSERT INTO MUON VALUES (6,'2007-03-11','2007-03-25','2007-03-16',3);
INSERT INTO MUON VALUES (8,'2007-07-14','2007-07-28','2007-07-20',18);
INSERT INTO MUON VALUES (8,'2007-03-09','2007-03-23','2007-03-27',13);
INSERT INTO MUON VALUES (10,'2007-04-11','2007-04-25','2007-04-23',8);
INSERT INTO MUON VALUES (10,'2006-01-27','2006-02-10','2006-01-31',7);
INSERT INTO MUON VALUES (11,'2007-10-01','2007-10-15',NULL,22);
INSERT INTO MUON VALUES (12,'2003-03-03','2003-03-17','2003-03-13',7);
INSERT INTO MUON VALUES (14,'2007-10-02','2007-10-16',NULL,1);
INSERT INTO MUON VALUES (15,'2007-05-04','2007-05-18','2007-05-12',10);
INSERT INTO MUON VALUES (16,'2007-10-05','2007-10-19',NULL,2);
INSERT INTO MUON VALUES (18,'2007-07-04','2007-07-18','2007-07-11',3);
INSERT INTO MUON VALUES (20,'2006-12-17','2006-12-31','2006-12-17',27);
INSERT INTO MUON VALUES (20,'2007-09-06','2007-09-20','2007-09-22',9);
INSERT INTO MUON VALUES (21,'2007-09-07','2007-09-21','2007-09-19',14);
INSERT INTO MUON VALUES (24,'2007-02-14','2007-02-28','2007-02-20',26);
INSERT INTO MUON VALUES (25,'2006-08-19','2006-09-02','2006-09-03',1);
INSERT INTO MUON VALUES (26,'2006-11-15','2006-11-29','2006-11-22',9);
INSERT INTO MUON VALUES (29,'2007-09-20','2007-10-04',NULL,27);
